"geoid","name","priority"
440010301001,"Barrington","This neighborhood has never been prioritized"
440010301002,"Barrington","This neighborhood was previously prioritized"
440010301003,"Barrington","This neighborhood was previously prioritized"
440010301004,"Barrington","This neighborhood has never been prioritized"
440010302001,"Barrington","This neighborhood was previously prioritized"
440010302002,"Barrington","This neighborhood was previously prioritized"
440010302003,"Barrington","This neighborhood was previously prioritized"
440010303001,"Barrington","This neighborhood was previously prioritized"
440010303002,"Barrington","This neighborhood has never been prioritized"
440010303003,"Barrington","This neighborhood is currently prioritized"
440010304001,"Barrington","This neighborhood was previously prioritized"
440010304002,"Barrington","This neighborhood was previously prioritized"
440010304003,"Barrington","This neighborhood was previously prioritized"
440010305001,"Warren","This neighborhood has never been prioritized"
440010305002,"Warren","This neighborhood was previously prioritized"
440010305003,"Warren","This neighborhood is currently prioritized"
440010306011,"Warren","This neighborhood was previously prioritized"
440010306012,"Warren","This neighborhood was previously prioritized"
440010306013,"Warren","This neighborhood was previously prioritized"
440010306021,"Warren","This neighborhood was previously prioritized"
440010306022,"Warren","This neighborhood was previously prioritized"
440010306023,"Warren","This neighborhood was previously prioritized"
440010306024,"Warren","This neighborhood was previously prioritized"
440010307001,"Bristol","This neighborhood was previously prioritized"
440010307002,"Bristol","This neighborhood has never been prioritized"
440010307003,"Bristol","This neighborhood was previously prioritized"
440010307004,"Bristol","This neighborhood is currently prioritized"
440010308001,"Bristol","This neighborhood was previously prioritized"
440010308002,"Bristol","This neighborhood was previously prioritized"
440010308003,"Bristol","This neighborhood was previously prioritized"
440010308004,"Bristol","This neighborhood was previously prioritized"
440010309011,"Bristol","This neighborhood was previously prioritized"
440010309012,"Bristol","This neighborhood was previously prioritized"
440010309013,"Bristol","This neighborhood was previously prioritized"
440010309021,"Bristol","This neighborhood was previously prioritized"
440010309022,"Bristol","This neighborhood was previously prioritized"
440010309023,"Bristol","This neighborhood was previously prioritized"
440010309024,"Bristol","This neighborhood has never been prioritized"
440030201011,"West Warwick","This neighborhood was previously prioritized"
440030201012,"West Warwick","This neighborhood was previously prioritized"
440030201013,"West Warwick","This neighborhood is currently prioritized"
440030201021,"West Warwick","This neighborhood was previously prioritized"
440030201022,"West Warwick","This neighborhood is currently prioritized"
440030201023,"West Warwick","This neighborhood is currently prioritized"
440030202001,"West Warwick","This neighborhood is currently prioritized"
440030202002,"West Warwick","This neighborhood is currently prioritized"
440030202003,"West Warwick","This neighborhood is currently prioritized"
440030203001,"West Warwick","This neighborhood was previously prioritized"
440030203002,"West Warwick","This neighborhood is currently prioritized"
440030203003,"West Warwick","This neighborhood is currently prioritized"
440030203004,"West Warwick","This neighborhood is currently prioritized"
440030203005,"West Warwick","This neighborhood is currently prioritized"
440030204001,"West Warwick","This neighborhood was previously prioritized"
440030204002,"West Warwick","This neighborhood has never been prioritized"
440030204003,"West Warwick","This neighborhood has never been prioritized"
440030205001,"West Warwick","This neighborhood was previously prioritized"
440030205002,"West Warwick","This neighborhood is currently prioritized"
440030205003,"West Warwick","This neighborhood was previously prioritized"
440030206011,"Coventry","This neighborhood is currently prioritized"
440030206012,"Coventry","This neighborhood was previously prioritized"
440030206013,"Coventry","This neighborhood was previously prioritized"
440030206014,"Coventry","This neighborhood was previously prioritized"
440030206021,"Coventry","This neighborhood is currently prioritized"
440030206022,"Coventry","This neighborhood was previously prioritized"
440030206031,"Coventry","This neighborhood is currently prioritized"
440030206032,"Coventry","This neighborhood was previously prioritized"
440030206033,"Coventry","This neighborhood was previously prioritized"
440030206041,"Coventry","This neighborhood is currently prioritized"
440030206042,"Coventry","This neighborhood is currently prioritized"
440030206043,"Coventry","This neighborhood is currently prioritized"
440030207011,"Coventry","This neighborhood was previously prioritized"
440030207021,"Coventry","This neighborhood was previously prioritized"
440030207022,"Coventry","This neighborhood has never been prioritized"
440030207031,"Coventry","This neighborhood was previously prioritized"
440030207032,"Coventry","This neighborhood is currently prioritized"
440030207033,"Coventry","This neighborhood was previously prioritized"
440030208001,"West Greenwich","This neighborhood is currently prioritized"
440030208002,"West Greenwich","This neighborhood was previously prioritized"
440030208003,"West Greenwich","This neighborhood has never been prioritized"
440030209011,"East Greenwich","This neighborhood was previously prioritized"
440030209012,"East Greenwich","This neighborhood was previously prioritized"
440030209013,"East Greenwich","This neighborhood was previously prioritized"
440030209014,"East Greenwich","This neighborhood was previously prioritized"
440030209031,"East Greenwich","This neighborhood was previously prioritized"
440030209032,"East Greenwich","This neighborhood is currently prioritized"
440030209033,"East Greenwich","This neighborhood has never been prioritized"
440030209041,"East Greenwich","This neighborhood was previously prioritized"
440030209042,"East Greenwich","This neighborhood was previously prioritized"
440030210011,"Warwick","This neighborhood was previously prioritized"
440030210012,"Warwick","This neighborhood was previously prioritized"
440030210021,"Warwick","This neighborhood was previously prioritized"
440030210022,"Warwick","This neighborhood was previously prioritized"
440030210023,"Warwick","This neighborhood was previously prioritized"
440030210024,"Warwick","This neighborhood was previously prioritized"
440030211001,"Warwick","This neighborhood was previously prioritized"
440030211002,"Warwick","This neighborhood is currently prioritized"
440030211003,"Warwick","This neighborhood was previously prioritized"
440030211004,"Warwick","This neighborhood is currently prioritized"
440030212001,"Warwick","This neighborhood was previously prioritized"
440030212002,"Warwick","This neighborhood was previously prioritized"
440030212003,"Warwick","This neighborhood was previously prioritized"
440030213001,"Warwick","This neighborhood was previously prioritized"
440030213002,"Warwick","This neighborhood was previously prioritized"
440030213003,"Warwick","This neighborhood was previously prioritized"
440030213004,"Warwick","This neighborhood was previously prioritized"
440030214011,"Warwick","This neighborhood was previously prioritized"
440030214012,"Warwick","This neighborhood was previously prioritized"
440030214013,"Warwick","This neighborhood was previously prioritized"
440030214021,"Warwick","This neighborhood was previously prioritized"
440030214022,"Warwick","This neighborhood was previously prioritized"
440030214023,"Warwick","This neighborhood was previously prioritized"
440030215011,"Warwick","This neighborhood was previously prioritized"
440030215012,"Warwick","This neighborhood was previously prioritized"
440030215013,"Warwick","This neighborhood was previously prioritized"
440030215014,"Warwick","This neighborhood was previously prioritized"
440030215021,"Warwick","This neighborhood was previously prioritized"
440030215022,"Warwick","This neighborhood was previously prioritized"
440030215023,"Warwick","This neighborhood was previously prioritized"
440030215024,"Warwick","This neighborhood was previously prioritized"
440030216001,"Warwick","This neighborhood was previously prioritized"
440030216002,"Warwick","This neighborhood was previously prioritized"
440030217001,"Warwick","This neighborhood was previously prioritized"
440030217002,"Warwick","This neighborhood was previously prioritized"
440030217003,"Warwick","This neighborhood was previously prioritized"
440030217004,"Warwick","This neighborhood was previously prioritized"
440030217005,"Warwick","This neighborhood was previously prioritized"
440030218001,"Warwick","This neighborhood was previously prioritized"
440030218002,"Warwick","This neighborhood was previously prioritized"
440030219011,"Warwick","This neighborhood was previously prioritized"
440030219012,"Warwick","This neighborhood was previously prioritized"
440030219013,"Warwick","This neighborhood was previously prioritized"
440030219014,"Warwick","This neighborhood was previously prioritized"
440030219021,"Warwick","This neighborhood was previously prioritized"
440030219022,"Warwick","This neighborhood was previously prioritized"
440030219023,"Warwick","This neighborhood was previously prioritized"
440030219031,"Warwick","This neighborhood was previously prioritized"
440030219032,"Warwick","This neighborhood was previously prioritized"
440030219033,"Warwick","This neighborhood was previously prioritized"
440030220001,"Warwick","This neighborhood was previously prioritized"
440030220002,"Warwick","This neighborhood has never been prioritized"
440030220003,"Warwick","This neighborhood was previously prioritized"
440030221001,"Warwick","This neighborhood is currently prioritized"
440030221002,"Warwick","This neighborhood was previously prioritized"
440030221003,"Warwick","This neighborhood is currently prioritized"
440030221004,"Warwick","This neighborhood was previously prioritized"
440030222011,"Warwick","This neighborhood was previously prioritized"
440030222012,"Warwick","This neighborhood was previously prioritized"
440030222013,"Warwick","This neighborhood was previously prioritized"
440030222014,"Warwick","This neighborhood was previously prioritized"
440030222015,"Warwick","This neighborhood was previously prioritized"
440030222021,"Warwick","This neighborhood was previously prioritized"
440030222022,"Warwick","This neighborhood was previously prioritized"
440030222023,"Warwick","This neighborhood was previously prioritized"
440030223001,"Warwick","This neighborhood was previously prioritized"
440030223002,"Warwick","This neighborhood is currently prioritized"
440030223003,"Warwick","This neighborhood is currently prioritized"
440030223004,"Warwick","This neighborhood is currently prioritized"
440030224001,"Warwick","This neighborhood was previously prioritized"
440030224002,"Warwick","This neighborhood was previously prioritized"
440039800001,"Warwick","This neighborhood was previously prioritized"
440050401011,"Portsmouth","This neighborhood has never been prioritized"
440050401012,"Portsmouth","This neighborhood is currently prioritized"
440050401013,"Portsmouth","This neighborhood was previously prioritized"
440050401021,"Portsmouth","This neighborhood was previously prioritized"
440050401022,"Portsmouth","This neighborhood was previously prioritized"
440050401023,"Portsmouth","This neighborhood was previously prioritized"
440050401031,"Portsmouth","This neighborhood was previously prioritized"
440050401032,"Portsmouth","This neighborhood was previously prioritized"
440050401033,"Portsmouth","This neighborhood was previously prioritized"
440050401034,"Portsmouth","This neighborhood was previously prioritized"
440050401035,"Portsmouth","This neighborhood was previously prioritized"
440050401036,"Portsmouth","This neighborhood was previously prioritized"
440050402001,"Middletown","This neighborhood was previously prioritized"
440050402002,"Middletown","This neighborhood was previously prioritized"
440050403021,"Middletown","This neighborhood was previously prioritized"
440050403022,"Middletown","This neighborhood was previously prioritized"
440050403031,"Middletown","This neighborhood was previously prioritized"
440050403032,"Middletown","This neighborhood is currently prioritized"
440050403041,"Middletown","This neighborhood was previously prioritized"
440050403042,"Middletown","This neighborhood was previously prioritized"
440050404001,"Middletown","This neighborhood was previously prioritized"
440050404002,"Middletown","This neighborhood was previously prioritized"
440050404003,"Middletown","This neighborhood was previously prioritized"
440050405001,"Newport","This neighborhood is currently prioritized"
440050405002,"Newport","This neighborhood has never been prioritized"
440050405003,"Newport","This neighborhood was previously prioritized"
440050406001,"Newport","This neighborhood was previously prioritized"
440050406002,"Newport","This neighborhood was previously prioritized"
440050406003,"Newport","This neighborhood was previously prioritized"
440050406004,"Newport","This neighborhood was previously prioritized"
440050407001,"Newport","This neighborhood was previously prioritized"
440050407002,"Newport","This neighborhood was previously prioritized"
440050407003,"Newport","This neighborhood was previously prioritized"
440050408001,"Newport","This neighborhood was previously prioritized"
440050408002,"Newport","This neighborhood was previously prioritized"
440050408003,"Newport","This neighborhood was previously prioritized"
440050409001,"Newport","This neighborhood was previously prioritized"
440050409002,"Newport","This neighborhood was previously prioritized"
440050409003,"Newport","This neighborhood was previously prioritized"
440050409004,"Newport","This neighborhood was previously prioritized"
440050410001,"Newport","This neighborhood was previously prioritized"
440050410002,"Newport","This neighborhood was previously prioritized"
440050411001,"Newport","This neighborhood was previously prioritized"
440050411002,"Newport","This neighborhood was previously prioritized"
440050411003,"Newport","This neighborhood was previously prioritized"
440050412001,"Newport","This neighborhood was previously prioritized"
440050413001,"Jamestown","This neighborhood was previously prioritized"
440050413002,"Jamestown","This neighborhood was previously prioritized"
440050413003,"Jamestown","This neighborhood was previously prioritized"
440050413004,"Jamestown","This neighborhood is currently prioritized"
440050413005,"Jamestown","This neighborhood has never been prioritized"
440050414001,"Little Compton","This neighborhood was previously prioritized"
440050414002,"Little Compton","This neighborhood is currently prioritized"
440050416011,"Tiverton","This neighborhood was previously prioritized"
440050416012,"Tiverton","This neighborhood was previously prioritized"
440050416021,"Tiverton","This neighborhood was previously prioritized"
440050416022,"Tiverton","This neighborhood is currently prioritized"
440050417011,"Tiverton","This neighborhood was previously prioritized"
440050417021,"Tiverton","This neighborhood was previously prioritized"
440050417022,"Tiverton","This neighborhood was previously prioritized"
440050417023,"Tiverton","This neighborhood was previously prioritized"
440059900000,"","This neighborhood was previously prioritized"
440070001011,"Providence","This neighborhood was previously prioritized"
440070001012,"Providence","This neighborhood was previously prioritized"
440070001013,"Providence","This neighborhood was previously prioritized"
440070001014,"Providence","This neighborhood was previously prioritized"
440070001021,"Providence","This neighborhood was previously prioritized"
440070001022,"Providence","This neighborhood has never been prioritized"
440070001023,"Providence","This neighborhood was previously prioritized"
440070001024,"Providence","This neighborhood was previously prioritized"
440070002001,"Providence","This neighborhood has never been prioritized"
440070002002,"Providence","This neighborhood is currently prioritized"
440070002003,"Providence","This neighborhood was previously prioritized"
440070002004,"Providence","This neighborhood was previously prioritized"
440070002005,"Providence","This neighborhood is currently prioritized"
440070003001,"Providence","This neighborhood is currently prioritized"
440070003002,"Providence","This neighborhood was previously prioritized"
440070003003,"Providence","This neighborhood was previously prioritized"
440070003004,"Providence","This neighborhood is currently prioritized"
440070003005,"Providence","This neighborhood is currently prioritized"
440070003006,"Providence","This neighborhood is currently prioritized"
440070004001,"Providence","This neighborhood is currently prioritized"
440070004002,"Providence","This neighborhood was previously prioritized"
440070004003,"Providence","This neighborhood has never been prioritized"
440070004004,"Providence","This neighborhood was previously prioritized"
440070005001,"Providence","This neighborhood is currently prioritized"
440070005002,"Providence","This neighborhood is currently prioritized"
440070005003,"Providence","This neighborhood was previously prioritized"
440070006001,"Providence","This neighborhood is currently prioritized"
440070006002,"Providence","This neighborhood is currently prioritized"
440070007001,"Providence","This neighborhood has never been prioritized"
440070007002,"Providence","This neighborhood was previously prioritized"
440070007003,"Providence","This neighborhood is currently prioritized"
440070008001,"Providence","This neighborhood is currently prioritized"
440070008002,"Providence","This neighborhood is currently prioritized"
440070008003,"Providence","This neighborhood is currently prioritized"
440070009001,"Providence","This neighborhood is currently prioritized"
440070009002,"Providence","This neighborhood has never been prioritized"
440070010001,"Providence","This neighborhood was previously prioritized"
440070010002,"Providence","This neighborhood is currently prioritized"
440070011001,"Providence","This neighborhood has never been prioritized"
440070011002,"Providence","This neighborhood was previously prioritized"
440070011003,"Providence","This neighborhood was previously prioritized"
440070012001,"Providence","This neighborhood is currently prioritized"
440070012002,"Providence","This neighborhood was previously prioritized"
440070012003,"Providence","This neighborhood has never been prioritized"
440070013001,"Providence","This neighborhood is currently prioritized"
440070013002,"Providence","This neighborhood is currently prioritized"
440070013003,"Providence","This neighborhood has never been prioritized"
440070013004,"Providence","This neighborhood has never been prioritized"
440070014001,"Providence","This neighborhood was previously prioritized"
440070014002,"Providence","This neighborhood is currently prioritized"
440070014003,"Providence","This neighborhood is currently prioritized"
440070014004,"Providence","This neighborhood is currently prioritized"
440070014005,"Providence","This neighborhood is currently prioritized"
440070015001,"Providence","This neighborhood has never been prioritized"
440070015002,"Providence","This neighborhood was previously prioritized"
440070015003,"Providence","This neighborhood was previously prioritized"
440070016001,"Providence","This neighborhood was previously prioritized"
440070016002,"Providence","This neighborhood is currently prioritized"
440070016003,"Providence","This neighborhood was previously prioritized"
440070016004,"Providence","This neighborhood was previously prioritized"
440070016005,"Providence","This neighborhood was previously prioritized"
440070016006,"Providence","This neighborhood was previously prioritized"
440070016007,"Providence","This neighborhood has never been prioritized"
440070017001,"Providence","This neighborhood was previously prioritized"
440070017002,"Providence","This neighborhood has never been prioritized"
440070017003,"Providence","This neighborhood is currently prioritized"
440070018001,"Providence","This neighborhood was previously prioritized"
440070018002,"Providence","This neighborhood is currently prioritized"
440070018003,"Providence","This neighborhood was previously prioritized"
440070018004,"Providence","This neighborhood has never been prioritized"
440070018005,"Providence","This neighborhood was previously prioritized"
440070018006,"Providence","This neighborhood was previously prioritized"
440070019001,"Providence","This neighborhood is currently prioritized"
440070019002,"Providence","This neighborhood is currently prioritized"
440070019003,"Providence","This neighborhood is currently prioritized"
440070019004,"Providence","This neighborhood was previously prioritized"
440070019005,"Providence","This neighborhood was previously prioritized"
440070019006,"Providence","This neighborhood is currently prioritized"
440070020001,"Providence","This neighborhood is currently prioritized"
440070020002,"Providence","This neighborhood is currently prioritized"
440070020003,"Providence","This neighborhood was previously prioritized"
440070020004,"Providence","This neighborhood was previously prioritized"
440070021011,"Providence","This neighborhood was previously prioritized"
440070021012,"Providence","This neighborhood was previously prioritized"
440070021013,"Providence","This neighborhood was previously prioritized"
440070021021,"Providence","This neighborhood was previously prioritized"
440070021022,"Providence","This neighborhood was previously prioritized"
440070021023,"Providence","This neighborhood is currently prioritized"
440070021024,"Providence","This neighborhood is currently prioritized"
440070021025,"Providence","This neighborhood was previously prioritized"
440070022001,"Providence","This neighborhood has never been prioritized"
440070022002,"Providence","This neighborhood has never been prioritized"
440070022003,"Providence","This neighborhood is currently prioritized"
440070022004,"Providence","This neighborhood was previously prioritized"
440070023001,"Providence","This neighborhood was previously prioritized"
440070023002,"Providence","This neighborhood was previously prioritized"
440070023003,"Providence","This neighborhood was previously prioritized"
440070023004,"Providence","This neighborhood was previously prioritized"
440070023005,"Providence","This neighborhood was previously prioritized"
440070023006,"Providence","This neighborhood was previously prioritized"
440070024001,"Providence","This neighborhood was previously prioritized"
440070024002,"Providence","This neighborhood was previously prioritized"
440070024003,"Providence","This neighborhood was previously prioritized"
440070024004,"Providence","This neighborhood was previously prioritized"
440070024005,"Providence","This neighborhood was previously prioritized"
440070024006,"Providence","This neighborhood was previously prioritized"
440070025001,"Providence","This neighborhood was previously prioritized"
440070025002,"Providence","This neighborhood is currently prioritized"
440070026001,"Providence","This neighborhood is currently prioritized"
440070026002,"Providence","This neighborhood was previously prioritized"
440070026003,"Providence","This neighborhood was previously prioritized"
440070027001,"Providence","This neighborhood has never been prioritized"
440070027002,"Providence","This neighborhood has never been prioritized"
440070027003,"Providence","This neighborhood is currently prioritized"
440070027004,"Providence","This neighborhood has never been prioritized"
440070028001,"Providence","This neighborhood is currently prioritized"
440070028002,"Providence","This neighborhood was previously prioritized"
440070028003,"Providence","This neighborhood is currently prioritized"
440070028004,"Providence","This neighborhood was previously prioritized"
440070029001,"Providence","This neighborhood was previously prioritized"
440070029002,"Providence","This neighborhood was previously prioritized"
440070029003,"Providence","This neighborhood is currently prioritized"
440070029004,"Providence","This neighborhood is currently prioritized"
440070029005,"Providence","This neighborhood was previously prioritized"
440070031001,"Providence","This neighborhood was previously prioritized"
440070031002,"Providence","This neighborhood was previously prioritized"
440070031003,"Providence","This neighborhood was previously prioritized"
440070031004,"Providence","This neighborhood was previously prioritized"
440070031005,"Providence","This neighborhood was previously prioritized"
440070032001,"Providence","This neighborhood was previously prioritized"
440070032002,"Providence","This neighborhood was previously prioritized"
440070032003,"Providence","This neighborhood was previously prioritized"
440070032004,"Providence","This neighborhood was previously prioritized"
440070033001,"Providence","This neighborhood was previously prioritized"
440070033002,"Providence","This neighborhood was previously prioritized"
440070033003,"Providence","This neighborhood was previously prioritized"
440070033004,"Providence","This neighborhood was previously prioritized"
440070034001,"Providence","This neighborhood was previously prioritized"
440070034002,"Providence","This neighborhood has never been prioritized"
440070034003,"Providence","This neighborhood was previously prioritized"
440070034004,"Providence","This neighborhood was previously prioritized"
440070035001,"Providence","This neighborhood was previously prioritized"
440070035002,"Providence","This neighborhood was previously prioritized"
440070035003,"Providence","This neighborhood was previously prioritized"
440070035004,"Providence","This neighborhood was previously prioritized"
440070036011,"Providence","This neighborhood was previously prioritized"
440070036012,"Providence","This neighborhood was previously prioritized"
440070036021,"Providence","This neighborhood was previously prioritized"
440070036022,"Providence","This neighborhood was previously prioritized"
440070036023,"Providence","This neighborhood was previously prioritized"
440070037001,"Providence","This neighborhood was previously prioritized"
440070037002,"Providence","This neighborhood was previously prioritized"
440070037003,"Providence","This neighborhood was previously prioritized"
440070037004,"Providence","This neighborhood was previously prioritized"
440070101011,"East Providence","This neighborhood was previously prioritized"
440070101012,"East Providence","This neighborhood was previously prioritized"
440070101013,"East Providence","This neighborhood was previously prioritized"
440070101014,"East Providence","This neighborhood was previously prioritized"
440070101021,"East Providence","This neighborhood was previously prioritized"
440070101022,"East Providence","This neighborhood was previously prioritized"
440070101023,"East Providence","This neighborhood was previously prioritized"
440070101024,"East Providence","This neighborhood was previously prioritized"
440070102001,"East Providence","This neighborhood was previously prioritized"
440070102002,"East Providence","This neighborhood was previously prioritized"
440070102003,"East Providence","This neighborhood was previously prioritized"
440070102004,"East Providence","This neighborhood was previously prioritized"
440070102005,"East Providence","This neighborhood was previously prioritized"
440070102006,"East Providence","This neighborhood was previously prioritized"
440070102007,"East Providence","This neighborhood was previously prioritized"
440070103001,"East Providence","This neighborhood was previously prioritized"
440070103002,"East Providence","This neighborhood was previously prioritized"
440070103003,"East Providence","This neighborhood was previously prioritized"
440070104001,"East Providence","This neighborhood was previously prioritized"
440070104002,"East Providence","This neighborhood was previously prioritized"
440070104003,"East Providence","This neighborhood has never been prioritized"
440070104004,"East Providence","This neighborhood is currently prioritized"
440070104005,"East Providence","This neighborhood was previously prioritized"
440070105011,"East Providence","This neighborhood is currently prioritized"
440070105012,"East Providence","This neighborhood was previously prioritized"
440070105013,"East Providence","This neighborhood was previously prioritized"
440070105021,"East Providence","This neighborhood was previously prioritized"
440070105022,"East Providence","This neighborhood was previously prioritized"
440070105023,"East Providence","This neighborhood was previously prioritized"
440070105024,"East Providence","This neighborhood was previously prioritized"
440070106001,"East Providence","This neighborhood was previously prioritized"
440070106002,"East Providence","This neighborhood was previously prioritized"
440070106003,"East Providence","This neighborhood was previously prioritized"
440070106004,"East Providence","This neighborhood was previously prioritized"
440070106005,"East Providence","This neighborhood was previously prioritized"
440070106006,"East Providence","This neighborhood was previously prioritized"
440070107011,"East Providence","This neighborhood was previously prioritized"
440070107012,"East Providence","This neighborhood was previously prioritized"
440070107021,"East Providence","This neighborhood was previously prioritized"
440070107022,"East Providence","This neighborhood was previously prioritized"
440070107023,"East Providence","This neighborhood was previously prioritized"
440070107024,"East Providence","This neighborhood was previously prioritized"
440070107025,"East Providence","This neighborhood was previously prioritized"
440070108001,"Central Falls","This neighborhood is currently prioritized"
440070108002,"Central Falls","This neighborhood is currently prioritized"
440070108003,"Central Falls","This neighborhood has never been prioritized"
440070109001,"Central Falls","This neighborhood was previously prioritized"
440070109002,"Central Falls","This neighborhood is currently prioritized"
440070109003,"Central Falls","This neighborhood was previously prioritized"
440070110001,"Central Falls","This neighborhood was previously prioritized"
440070110002,"Central Falls","This neighborhood is currently prioritized"
440070110003,"Central Falls","This neighborhood is currently prioritized"
440070111001,"Central Falls","This neighborhood was previously prioritized"
440070111002,"Central Falls","This neighborhood is currently prioritized"
440070112001,"Cumberland","This neighborhood was previously prioritized"
440070112002,"Cumberland","This neighborhood is currently prioritized"
440070112003,"Cumberland","This neighborhood was previously prioritized"
440070112004,"Cumberland","This neighborhood was previously prioritized"
440070112005,"Cumberland","This neighborhood was previously prioritized"
440070113011,"Cumberland","This neighborhood was previously prioritized"
440070113012,"Cumberland","This neighborhood has never been prioritized"
440070113013,"Cumberland","This neighborhood was previously prioritized"
440070113021,"Cumberland","This neighborhood was previously prioritized"
440070113022,"Cumberland","This neighborhood was previously prioritized"
440070113023,"Cumberland","This neighborhood was previously prioritized"
440070114011,"Cumberland","This neighborhood was previously prioritized"
440070114012,"Cumberland","This neighborhood was previously prioritized"
440070114013,"Cumberland","This neighborhood was previously prioritized"
440070114014,"Cumberland","This neighborhood was previously prioritized"
440070114015,"Cumberland","This neighborhood was previously prioritized"
440070114021,"Cumberland","This neighborhood was previously prioritized"
440070114022,"Cumberland","This neighborhood was previously prioritized"
440070114031,"Cumberland","This neighborhood was previously prioritized"
440070114032,"Cumberland","This neighborhood was previously prioritized"
440070114033,"Cumberland","This neighborhood has never been prioritized"
440070114034,"Cumberland","This neighborhood was previously prioritized"
440070115001,"Lincoln","This neighborhood was previously prioritized"
440070115002,"Lincoln","This neighborhood is currently prioritized"
440070115003,"Lincoln","This neighborhood was previously prioritized"
440070115004,"Lincoln","This neighborhood was previously prioritized"
440070116001,"Lincoln","This neighborhood was previously prioritized"
440070116002,"Lincoln","This neighborhood is currently prioritized"
440070116003,"Lincoln","This neighborhood was previously prioritized"
440070116004,"Lincoln","This neighborhood was previously prioritized"
440070117011,"Lincoln","This neighborhood is currently prioritized"
440070117012,"Lincoln","This neighborhood is currently prioritized"
440070117013,"Lincoln","This neighborhood was previously prioritized"
440070117021,"Lincoln","This neighborhood was previously prioritized"
440070117022,"Lincoln","This neighborhood was previously prioritized"
440070117023,"Lincoln","This neighborhood was previously prioritized"
440070118001,"North Providence","This neighborhood is currently prioritized"
440070118002,"North Providence","This neighborhood was previously prioritized"
440070118003,"North Providence","This neighborhood is currently prioritized"
440070118004,"North Providence","This neighborhood was previously prioritized"
440070118005,"North Providence","This neighborhood was previously prioritized"
440070119011,"North Providence","This neighborhood was previously prioritized"
440070119012,"North Providence","This neighborhood was previously prioritized"
440070119021,"North Providence","This neighborhood was previously prioritized"
440070119022,"North Providence","This neighborhood was previously prioritized"
440070119023,"North Providence","This neighborhood was previously prioritized"
440070120001,"North Providence","This neighborhood has never been prioritized"
440070120002,"North Providence","This neighborhood is currently prioritized"
440070120003,"North Providence","This neighborhood was previously prioritized"
440070120004,"North Providence","This neighborhood was previously prioritized"
440070120005,"North Providence","This neighborhood was previously prioritized"
440070121021,"North Providence","This neighborhood was previously prioritized"
440070121022,"North Providence","This neighborhood was previously prioritized"
440070121023,"North Providence","This neighborhood has never been prioritized"
440070121024,"North Providence","This neighborhood was previously prioritized"
440070121031,"North Providence","This neighborhood is currently prioritized"
440070121032,"North Providence","This neighborhood was previously prioritized"
440070121041,"North Providence","This neighborhood is currently prioritized"
440070121042,"North Providence","This neighborhood is currently prioritized"
440070121043,"North Providence","This neighborhood was previously prioritized"
440070122001,"Johnston","This neighborhood was previously prioritized"
440070122002,"Johnston","This neighborhood was previously prioritized"
440070122003,"Johnston","This neighborhood was previously prioritized"
440070122004,"Johnston","This neighborhood is currently prioritized"
440070123001,"Johnston","This neighborhood is currently prioritized"
440070123002,"Johnston","This neighborhood is currently prioritized"
440070123003,"Johnston","This neighborhood was previously prioritized"
440070124011,"Johnston","This neighborhood was previously prioritized"
440070124012,"Johnston","This neighborhood was previously prioritized"
440070124013,"Johnston","This neighborhood was previously prioritized"
440070124014,"Johnston","This neighborhood has never been prioritized"
440070124015,"Johnston","This neighborhood was previously prioritized"
440070124016,"Johnston","This neighborhood is currently prioritized"
440070124021,"Johnston","This neighborhood was previously prioritized"
440070124022,"Johnston","This neighborhood was previously prioritized"
440070125001,"Johnston","This neighborhood is currently prioritized"
440070125002,"Johnston","This neighborhood is currently prioritized"
440070125003,"Johnston","This neighborhood was previously prioritized"
440070126011,"Smithfield","This neighborhood was previously prioritized"
440070126012,"Smithfield","This neighborhood was previously prioritized"
440070126021,"Smithfield","This neighborhood was previously prioritized"
440070126022,"Smithfield","This neighborhood was previously prioritized"
440070126023,"Smithfield","This neighborhood was previously prioritized"
440070126024,"Smithfield","This neighborhood was previously prioritized"
440070126025,"Smithfield","This neighborhood was previously prioritized"
440070126026,"Smithfield","This neighborhood is currently prioritized"
440070127011,"Smithfield","This neighborhood was previously prioritized"
440070127012,"Smithfield","This neighborhood was previously prioritized"
440070127013,"Smithfield","This neighborhood was previously prioritized"
440070127021,"Smithfield","This neighborhood was previously prioritized"
440070127022,"Smithfield","This neighborhood was previously prioritized"
440070127023,"Smithfield","This neighborhood was previously prioritized"
440070128011,"North Smithfield","This neighborhood was previously prioritized"
440070128012,"North Smithfield","This neighborhood was previously prioritized"
440070128013,"North Smithfield","This neighborhood was previously prioritized"
440070128021,"North Smithfield","This neighborhood was previously prioritized"
440070128022,"North Smithfield","This neighborhood was previously prioritized"
440070128031,"North Smithfield","This neighborhood is currently prioritized"
440070128032,"North Smithfield","This neighborhood was previously prioritized"
440070129001,"Burrillville","This neighborhood is currently prioritized"
440070129002,"Burrillville","This neighborhood was previously prioritized"
440070129003,"Burrillville","This neighborhood was previously prioritized"
440070129004,"Burrillville","This neighborhood was previously prioritized"
440070130011,"Burrillville","This neighborhood was previously prioritized"
440070130012,"Burrillville","This neighborhood was previously prioritized"
440070130013,"Burrillville","This neighborhood was previously prioritized"
440070130021,"Burrillville","This neighborhood was previously prioritized"
440070130022,"Burrillville","This neighborhood was previously prioritized"
440070130023,"Burrillville","This neighborhood was previously prioritized"
440070130024,"Burrillville","This neighborhood has never been prioritized"
440070131011,"Glocester","This neighborhood was previously prioritized"
440070131012,"Glocester","This neighborhood has never been prioritized"
440070131013,"Glocester","This neighborhood was previously prioritized"
440070131021,"Glocester","This neighborhood is currently prioritized"
440070131022,"Glocester","This neighborhood was previously prioritized"
440070131023,"Glocester","This neighborhood was previously prioritized"
440070132011,"Scituate","This neighborhood was previously prioritized"
440070132012,"Scituate","This neighborhood was previously prioritized"
440070132013,"Scituate","This neighborhood was previously prioritized"
440070132014,"Scituate","This neighborhood was previously prioritized"
440070132021,"Scituate","This neighborhood was previously prioritized"
440070132022,"Scituate","This neighborhood is currently prioritized"
440070132023,"Scituate","This neighborhood was previously prioritized"
440070133001,"Foster","This neighborhood is currently prioritized"
440070133002,"Foster","This neighborhood was previously prioritized"
440070133003,"Foster","This neighborhood was previously prioritized"
440070133004,"Foster","This neighborhood was previously prioritized"
440070134001,"Cranston","This neighborhood was previously prioritized"
440070134002,"Cranston","This neighborhood was previously prioritized"
440070134003,"Cranston","This neighborhood was previously prioritized"
440070134004,"Cranston","This neighborhood was previously prioritized"
440070135001,"Cranston","This neighborhood was previously prioritized"
440070135002,"Cranston","This neighborhood was previously prioritized"
440070135003,"Cranston","This neighborhood was previously prioritized"
440070135004,"Cranston","This neighborhood was previously prioritized"
440070135005,"Cranston","This neighborhood was previously prioritized"
440070136001,"Cranston","This neighborhood was previously prioritized"
440070136002,"Cranston","This neighborhood was previously prioritized"
440070136003,"Cranston","This neighborhood has never been prioritized"
440070137011,"Cranston","This neighborhood was previously prioritized"
440070137012,"Cranston","This neighborhood was previously prioritized"
440070137013,"Cranston","This neighborhood was previously prioritized"
440070137014,"Cranston","This neighborhood was previously prioritized"
440070137021,"Cranston","This neighborhood was previously prioritized"
440070137022,"Cranston","This neighborhood was previously prioritized"
440070137023,"Cranston","This neighborhood was previously prioritized"
440070138001,"Cranston","This neighborhood was previously prioritized"
440070138002,"Cranston","This neighborhood was previously prioritized"
440070138003,"Cranston","This neighborhood was previously prioritized"
440070138004,"Cranston","This neighborhood was previously prioritized"
440070138005,"Cranston","This neighborhood was previously prioritized"
440070139001,"Cranston","This neighborhood was previously prioritized"
440070139002,"Cranston","This neighborhood was previously prioritized"
440070139003,"Cranston","This neighborhood is currently prioritized"
440070140001,"Cranston","This neighborhood was previously prioritized"
440070140002,"Cranston","This neighborhood is currently prioritized"
440070140003,"Cranston","This neighborhood is currently prioritized"
440070140004,"Cranston","This neighborhood was previously prioritized"
440070140005,"Cranston","This neighborhood was previously prioritized"
440070141001,"Cranston","This neighborhood is currently prioritized"
440070141002,"Cranston","This neighborhood was previously prioritized"
440070141003,"Cranston","This neighborhood was previously prioritized"
440070141004,"Cranston","This neighborhood was previously prioritized"
440070142001,"Cranston","This neighborhood was previously prioritized"
440070142002,"Cranston","This neighborhood is currently prioritized"
440070142003,"Cranston","This neighborhood was previously prioritized"
440070143001,"Cranston","This neighborhood was previously prioritized"
440070143002,"Cranston","This neighborhood was previously prioritized"
440070143003,"Cranston","This neighborhood was previously prioritized"
440070143004,"Cranston","This neighborhood was previously prioritized"
440070144001,"Cranston","This neighborhood was previously prioritized"
440070144002,"Cranston","This neighborhood was previously prioritized"
440070144003,"Cranston","This neighborhood was previously prioritized"
440070145011,"Cranston","This neighborhood was previously prioritized"
440070145012,"Cranston","This neighborhood was previously prioritized"
440070145013,"Cranston","This neighborhood was previously prioritized"
440070145021,"Cranston","This neighborhood was previously prioritized"
440070145022,"Cranston","This neighborhood was previously prioritized"
440070145023,"Cranston","This neighborhood was previously prioritized"
440070146001,"Cranston","This neighborhood was previously prioritized"
440070146002,"Cranston","This neighborhood is currently prioritized"
440070146003,"Cranston","This neighborhood was previously prioritized"
440070147001,"Cranston","This neighborhood was previously prioritized"
440070147002,"Cranston","This neighborhood has never been prioritized"
440070147003,"Cranston","This neighborhood is currently prioritized"
440070147004,"Cranston","This neighborhood was previously prioritized"
440070147005,"Cranston","This neighborhood was previously prioritized"
440070147006,"Cranston","This neighborhood is currently prioritized"
440070148001,"Cranston","This neighborhood is currently prioritized"
440070148002,"Cranston","This neighborhood was previously prioritized"
440070148003,"Cranston","This neighborhood was previously prioritized"
440070150001,"Pawtucket","This neighborhood has never been prioritized"
440070150002,"Pawtucket","This neighborhood was previously prioritized"
440070151001,"Pawtucket","This neighborhood is currently prioritized"
440070151002,"Pawtucket","This neighborhood was previously prioritized"
440070151003,"Pawtucket","This neighborhood was previously prioritized"
440070152001,"Pawtucket","This neighborhood is currently prioritized"
440070152002,"Pawtucket","This neighborhood is currently prioritized"
440070153001,"Pawtucket","This neighborhood is currently prioritized"
440070153002,"Pawtucket","This neighborhood is currently prioritized"
440070154001,"Pawtucket","This neighborhood was previously prioritized"
440070154002,"Pawtucket","This neighborhood is currently prioritized"
440070155001,"Pawtucket","This neighborhood was previously prioritized"
440070155002,"Pawtucket","This neighborhood was previously prioritized"
440070155003,"Pawtucket","This neighborhood is currently prioritized"
440070155004,"Pawtucket","This neighborhood was previously prioritized"
440070156001,"Pawtucket","This neighborhood was previously prioritized"
440070156002,"Pawtucket","This neighborhood was previously prioritized"
440070156003,"Pawtucket","This neighborhood was previously prioritized"
440070157001,"Pawtucket","This neighborhood was previously prioritized"
440070157002,"Pawtucket","This neighborhood was previously prioritized"
440070157003,"Pawtucket","This neighborhood was previously prioritized"
440070157004,"Pawtucket","This neighborhood was previously prioritized"
440070158001,"Pawtucket","This neighborhood was previously prioritized"
440070158002,"Pawtucket","This neighborhood was previously prioritized"
440070158003,"Pawtucket","This neighborhood was previously prioritized"
440070158004,"Pawtucket","This neighborhood was previously prioritized"
440070158005,"Pawtucket","This neighborhood was previously prioritized"
440070159001,"Pawtucket","This neighborhood was previously prioritized"
440070159002,"Pawtucket","This neighborhood was previously prioritized"
440070159003,"Pawtucket","This neighborhood was previously prioritized"
440070159004,"Pawtucket","This neighborhood was previously prioritized"
440070160001,"Pawtucket","This neighborhood was previously prioritized"
440070160002,"Pawtucket","This neighborhood was previously prioritized"
440070160003,"Pawtucket","This neighborhood is currently prioritized"
440070161001,"Pawtucket","This neighborhood is currently prioritized"
440070161002,"Pawtucket","This neighborhood was previously prioritized"
440070161003,"Pawtucket","This neighborhood was previously prioritized"
440070161004,"Pawtucket","This neighborhood is currently prioritized"
440070163001,"Pawtucket","This neighborhood was previously prioritized"
440070163002,"Pawtucket","This neighborhood was previously prioritized"
440070163003,"Pawtucket","This neighborhood was previously prioritized"
440070164001,"Pawtucket","This neighborhood is currently prioritized"
440070164002,"Pawtucket","This neighborhood has never been prioritized"
440070164003,"Pawtucket","This neighborhood is currently prioritized"
440070165001,"Pawtucket","This neighborhood was previously prioritized"
440070165002,"Pawtucket","This neighborhood has never been prioritized"
440070165003,"Pawtucket","This neighborhood was previously prioritized"
440070166001,"Pawtucket","This neighborhood was previously prioritized"
440070167001,"Pawtucket","This neighborhood is currently prioritized"
440070167002,"Pawtucket","This neighborhood is currently prioritized"
440070168001,"Pawtucket","This neighborhood was previously prioritized"
440070168002,"Pawtucket","This neighborhood was previously prioritized"
440070168003,"Pawtucket","This neighborhood was previously prioritized"
440070169001,"Pawtucket","This neighborhood was previously prioritized"
440070169002,"Pawtucket","This neighborhood was previously prioritized"
440070169003,"Pawtucket","This neighborhood was previously prioritized"
440070170001,"Pawtucket","This neighborhood was previously prioritized"
440070170002,"Pawtucket","This neighborhood has never been prioritized"
440070170003,"Pawtucket","This neighborhood was previously prioritized"
440070170004,"Pawtucket","This neighborhood was previously prioritized"
440070171001,"Pawtucket","This neighborhood was previously prioritized"
440070171002,"Pawtucket","This neighborhood has never been prioritized"
440070171003,"Pawtucket","This neighborhood is currently prioritized"
440070171004,"Pawtucket","This neighborhood was previously prioritized"
440070173001,"Woonsocket","This neighborhood was previously prioritized"
440070173002,"Woonsocket","This neighborhood is currently prioritized"
440070173003,"Woonsocket","This neighborhood was previously prioritized"
440070174001,"Woonsocket","This neighborhood is currently prioritized"
440070174002,"Woonsocket","This neighborhood is currently prioritized"
440070174003,"Woonsocket","This neighborhood is currently prioritized"
440070175001,"Woonsocket","This neighborhood has never been prioritized"
440070175002,"Woonsocket","This neighborhood was previously prioritized"
440070175003,"Woonsocket","This neighborhood was previously prioritized"
440070176001,"Woonsocket","This neighborhood is currently prioritized"
440070176002,"Woonsocket","This neighborhood is currently prioritized"
440070177001,"Woonsocket","This neighborhood was previously prioritized"
440070177002,"Woonsocket","This neighborhood was previously prioritized"
440070177003,"Woonsocket","This neighborhood is currently prioritized"
440070178001,"Woonsocket","This neighborhood was previously prioritized"
440070178002,"Woonsocket","This neighborhood has never been prioritized"
440070178003,"Woonsocket","This neighborhood is currently prioritized"
440070179001,"Woonsocket","This neighborhood has never been prioritized"
440070179002,"Woonsocket","This neighborhood was previously prioritized"
440070179003,"Woonsocket","This neighborhood is currently prioritized"
440070180001,"Woonsocket","This neighborhood is currently prioritized"
440070180002,"Woonsocket","This neighborhood is currently prioritized"
440070180003,"Woonsocket","This neighborhood is currently prioritized"
440070181001,"Woonsocket","This neighborhood is currently prioritized"
440070181002,"Woonsocket","This neighborhood is currently prioritized"
440070182001,"Woonsocket","This neighborhood is currently prioritized"
440070182002,"Woonsocket","This neighborhood was previously prioritized"
440070183001,"Woonsocket","This neighborhood is currently prioritized"
440070184001,"Woonsocket","This neighborhood is currently prioritized"
440070184002,"Woonsocket","This neighborhood was previously prioritized"
440070184003,"Woonsocket","This neighborhood was previously prioritized"
440070184004,"Woonsocket","This neighborhood was previously prioritized"
440070184005,"Woonsocket","This neighborhood is currently prioritized"
440070185001,"Woonsocket","This neighborhood was previously prioritized"
440070185002,"Woonsocket","This neighborhood was previously prioritized"
440070185003,"Woonsocket","This neighborhood was previously prioritized"
440090415001,"New Shoreham","This neighborhood is currently prioritized"
440090415002,"New Shoreham","This neighborhood has never been prioritized"
440090501021,"North Kingstown","This neighborhood was previously prioritized"
440090501022,"North Kingstown","This neighborhood was previously prioritized"
440090501031,"North Kingstown","This neighborhood has never been prioritized"
440090501032,"North Kingstown","This neighborhood was previously prioritized"
440090501033,"North Kingstown","This neighborhood is currently prioritized"
440090501034,"North Kingstown","This neighborhood was previously prioritized"
440090501035,"North Kingstown","This neighborhood was previously prioritized"
440090501041,"North Kingstown","This neighborhood was previously prioritized"
440090501042,"North Kingstown","This neighborhood was previously prioritized"
440090503011,"North Kingstown","This neighborhood was previously prioritized"
440090503012,"North Kingstown","This neighborhood was previously prioritized"
440090503013,"North Kingstown","This neighborhood was previously prioritized"
440090503021,"North Kingstown","This neighborhood was previously prioritized"
440090503022,"North Kingstown","This neighborhood was previously prioritized"
440090503023,"North Kingstown","This neighborhood was previously prioritized"
440090504011,"North Kingstown","This neighborhood was previously prioritized"
440090504012,"North Kingstown","This neighborhood was previously prioritized"
440090504021,"North Kingstown","This neighborhood was previously prioritized"
440090504022,"North Kingstown","This neighborhood was previously prioritized"
440090504023,"North Kingstown","This neighborhood was previously prioritized"
440090505001,"Exeter","This neighborhood was previously prioritized"
440090505002,"Exeter","This neighborhood was previously prioritized"
440090505003,"Exeter","This neighborhood is currently prioritized"
440090506001,"Richmond","This neighborhood was previously prioritized"
440090506002,"Richmond","This neighborhood was previously prioritized"
440090506003,"Richmond","This neighborhood was previously prioritized"
440090506004,"Richmond","This neighborhood is currently prioritized"
440090507001,"Hopkinton","This neighborhood is currently prioritized"
440090507002,"Hopkinton","This neighborhood was previously prioritized"
440090507003,"Hopkinton","This neighborhood was previously prioritized"
440090507004,"Hopkinton","This neighborhood was previously prioritized"
440090507005,"Hopkinton","This neighborhood was previously prioritized"
440090507006,"Hopkinton","This neighborhood was previously prioritized"
440090508011,"Westerly","This neighborhood was previously prioritized"
440090508012,"Westerly","This neighborhood was previously prioritized"
440090508013,"Westerly","This neighborhood was previously prioritized"
440090508014,"Westerly","This neighborhood is currently prioritized"
440090508015,"Westerly","This neighborhood was previously prioritized"
440090508021,"Westerly","This neighborhood has never been prioritized"
440090508022,"Westerly","This neighborhood was previously prioritized"
440090509011,"Westerly","This neighborhood was previously prioritized"
440090509012,"Westerly","This neighborhood is currently prioritized"
440090509013,"Westerly","This neighborhood was previously prioritized"
440090509021,"Westerly","This neighborhood was previously prioritized"
440090509022,"Westerly","This neighborhood was previously prioritized"
440090509023,"Westerly","This neighborhood was previously prioritized"
440090509024,"Westerly","This neighborhood was previously prioritized"
440090510001,"Westerly","This neighborhood was previously prioritized"
440090510002,"Westerly","This neighborhood was previously prioritized"
440090510003,"Westerly","This neighborhood was previously prioritized"
440090510004,"Westerly","This neighborhood was previously prioritized"
440090510005,"Westerly","This neighborhood was previously prioritized"
440090511011,"Charlestown","This neighborhood was previously prioritized"
440090511012,"Charlestown","This neighborhood was previously prioritized"
440090511013,"Charlestown","This neighborhood was previously prioritized"
440090511014,"Charlestown","This neighborhood is currently prioritized"
440090511021,"Charlestown","This neighborhood has never been prioritized"
440090511022,"Charlestown","This neighborhood was previously prioritized"
440090511023,"Charlestown","This neighborhood was previously prioritized"
440090512011,"South Kingstown","This neighborhood has never been prioritized"
440090512012,"South Kingstown","This neighborhood has never been prioritized"
440090512021,"South Kingstown","This neighborhood was previously prioritized"
440090512022,"South Kingstown","This neighborhood is currently prioritized"
440090512023,"South Kingstown","This neighborhood was previously prioritized"
440090512024,"South Kingstown","This neighborhood was previously prioritized"
440090513021,"South Kingstown","This neighborhood was previously prioritized"
440090513022,"South Kingstown","This neighborhood was previously prioritized"
440090513023,"South Kingstown","This neighborhood was previously prioritized"
440090513024,"South Kingstown","This neighborhood was previously prioritized"
440090513025,"South Kingstown","This neighborhood was previously prioritized"
440090513026,"South Kingstown","This neighborhood was previously prioritized"
440090513041,"South Kingstown","This neighborhood was previously prioritized"
440090513051,"South Kingstown","This neighborhood was previously prioritized"
440090513052,"South Kingstown","This neighborhood was previously prioritized"
440090513061,"South Kingstown","This neighborhood was previously prioritized"
440090513062,"South Kingstown","This neighborhood was previously prioritized"
440090513063,"South Kingstown","This neighborhood was previously prioritized"
440090514001,"South Kingstown","This neighborhood was previously prioritized"
440090515021,"Narragansett","This neighborhood was previously prioritized"
440090515022,"Narragansett","This neighborhood was previously prioritized"
440090515023,"Narragansett","This neighborhood was previously prioritized"
440090515024,"Narragansett","This neighborhood was previously prioritized"
440090515025,"Narragansett","This neighborhood was previously prioritized"
440090515031,"Narragansett","This neighborhood was previously prioritized"
440090515032,"Narragansett","This neighborhood has never been prioritized"
440090515033,"Narragansett","This neighborhood was previously prioritized"
440090515041,"Narragansett","This neighborhood is currently prioritized"
440090515042,"Narragansett","This neighborhood was previously prioritized"
440090515043,"Narragansett","This neighborhood was previously prioritized"
440090515044,"Narragansett","This neighborhood was previously prioritized"
440099901000,"","This neighborhood was previously prioritized"
440099902000,"New Shoreham","This neighborhood was previously prioritized"
